Asset Name,Asset Id,Data Date (UTC), Latitude, Longitude, Speed, Heading, Report Body
iES 6620,300434064056620,2023-06-22 09:09:45, 71.059517, -165.008297, 0.00, 0.0000000, 0A-23-E8-97-EC-26-C7-66
iES 6620,300434064056620,2023-06-22 09:07:45, 71.055901, -165.003834, 0.00, 0.0000000, 9E-BD-5A-40-C7-FC-FC-FB
iES 6620,300434064056620,2023-06-22 09:07:45, 71.063165, -165.013726, 0.00, 0.0000000, FC-26-D3-3A-A5-0E-4E-7B
iES 6620,300434064056620,2023-06-22 08:37:45, 71.052178, -165.067542, 8.00, 45.0000000, 01-7B-7F-3F-D4-1C-5E-DD-72-00
iES 6620,300434064056620,2023-06-22 08:07:43, 71.011956, -165.163994, 4.00, 315.0000000, 01-7B-90-6B-88-C3-B1-29-C4-67
iES 6620,300434064056620,2023-06-22 07:38:02, 70.971680, -165.174401, 4.00, 45.0000000, 01-7B-B1-15-70-51-7F-3F-3A-A3
iES 6620,300434064056620,2023-06-22 06:07:41, 70.933882, -165.166011, 0.00, 0.0000000, 40-1E-35-63-EA-92-8F-96
iES 6620,300434064056620,2023-06-22 06:07:41, 70.923582, -165.146935, 0.00, 0.0000000, 90-84-18-C9-2F-04-A3-A3
iES 6620,300434064056620,2023-06-22 05:37:41, 70.894754, -165.179701, 4.00, 45.0000000, 01-7B-05-C3-30-2C-CD-B3-5F-29
iES 6620,300434064056620,2023-06-22 05:07:33, 70.860100, -165.262570, 8.00, 45.0000000, 01-7B-A5-8A-8D-79-DB-73-6F-C0
iES 6620,300434064056620,2023-06-22 04:38:06, 70.827913, -165.397668, 4.00, 0.0000000, 01-7B-9C-EA-13-A8-C3-45-B6-BE
iES 6620,300434064056620,2023-06-22 04:07:13, 70.822130, -165.415134, 0.00, 0.0000000, 01-7B-92-57-56-14-37-E6-B1-AE
iES 6620,300434064056620,2023-06-22 02:07:43, 70.743671, -165.564866, 0.00, 0.0000000, 99-AE-3F-BB-D8-3D-8E-66
iES 6620,300434064056620,2023-06-22 02:07:43, 70.722621, -165.516930, 0.00, 0.0000000, 3E-09-43-59-04-3B-DD-10
iES 6620,300434064056620,2023-06-22 01:37:43, 70.699081, -165.536585, 0.00, 0.0000000, 01-7B-EB-0B-96-08-E8-E9-12-AD
iES 6620,300434064056620,2023-06-22 01:07:12, 70.701281, -165.531671, 0.00, 0.0000000, 01-7B-6A-23-7C-73-8A-F7-20-5D
iES 6620,300434064056620,2023-06-22 00:36:46, 70.704156, -165.537636, 0.00, 0.0000000, 01-7B-FD-4F-B1-AD-D7-EC-8B-22
iES 6620,300434064056620,2023-06-15 01:08:38, 70.700047, -165.526414, 0.00, 0.0000000, 77-31-F8-E4-9C-A0-62-CE
iES 6620,300434064056620,2023-06-15 01:08:38, 70.671358, -165.473392, 0.00, 0.0000000, 5F-7F-A3-5F-55-CC-AA-DD
iES 6620,300434064056620,2023-06-15 00:38:38, 70.597662, -165.265660, 4.00, 0.0000000, CF-27-62-15-9C-40-16-19
iES 6620,300434064056620,2023-06-15 00:06:38, 64.488148, -165.451849, 4.00, 45.0000000, 01-7B-7E-A4-ED-48-5E-D5-63-33
iES 6620,300434064056620,2023-06-14 23:36:29, 64.487751, -165.442042, 0.00, 0.0000000, 01-7B-17-97-3A-D4-04-1C-34-8A
iES 6620,300434064056620,2023-06-14 23:06:13, 64.485530, -165.468350, 0.00, 0.0000000, 01-7B-09-AB-5A-2E-EE-66-57-80
iES 6620,300434064056620,2023-06-14 22:06:06, 64.437937, -165.579264, 4.00, 0.0000000, 0C-4E-7B-10-B5-10-6A-79
iES 6620,300434064056620,2023-06-14 21:36:06, 64.425877, -165.618188, 0.00, 0.0000000, 01-7B-52-22-33-A0-08-21-AA-49
iES 6620,300434064056620,2023-06-14 21:04:46, 64.428098, -165.600014, 0.00, 0.0000000, 01-7B-05-FE-21-17-BD-9A-77-9C
iES 6620,300434064056620,2023-06-12 22:26:07, 37.339042, -122.003195, 0.00, 0.0000000, BE-A6-18-6C-38-23-A6-C7
iES 6620,300434064056620,2023-06-12 22:26:07, 37.339032, -122.003195, 0.00, 0.0000000, D5-89-E3-17-20-41-35-6A
iES 6620,300434064056620,2023-06-12 21:56:07, 37.339021, -122.003174, 0.00, 0.0000000, 01-7B-4F-50-E3-9D-93-76-72-19
iES 6620,300434064056620,2023-06-12 21:25:03, 37.339010, -122.003195, 0.00, 0.0000000, 01-7B-E5-F7-4E-D4-73-ED-C6-78
iES 6620,300434064056620,2023-06-12 20:25:42, 37.339053, -122.003324, 0.00, 0.0000000, A8-7A-E9-74-4F-B5-4B-58
iES 6620,300434064056620,2023-06-12 19:55:42, 37.339021, -122.003260, 0.00, 0.0000000, 01-7B-96-71-8C-04-34-EF-90-33
iES 6620,300434064056620,2023-06-12 19:25:04, 37.339686, -122.004333, 0.00, 0.0000000, 01-7B-41-BE-56-FD-E2-62-45-50
iES 6620,300434064056620,2023-06-12 18:55:08, 37.339590, -122.003732, 0.00, 0.0000000, 01-7B-34-CF-59-B2-2B-42-85-C1
iES 6620,300434064056620,2023-06-12 17:56:15, 37.338656, -122.003560, 0.00, 0.0000000, FA-30-37-E3-4B-D1-08-1C
iES 6620,300434064056620,2023-06-12 17:26:15, 37.338957, -122.003367, 0.00, 0.0000000, 01-7B-7C-E1-D4-EA-14-16-3D-7D
iES 6620,300434064056620,2023-06-12 16:55:51, 37.338989, -122.003195, 0.00, 0.0000000, 01-7B-2C-2C-AC-9B-CE-08-FC-88
iES 6620,300434064056620,2023-06-12 16:26:31, 37.338903, -122.003238, 0.00, 0.0000000, 01-7B-42-9C-B3-FF-17-30-5E-1A
iES 6620,300434064056620,2023-06-12 14:56:12, 37.339021, -122.003260, 0.00, 0.0000000, DF-07-22-43-3B-B2-70-03
iES 6620,300434064056620,2023-06-12 14:56:12, 37.339021, -122.003195, 0.00, 0.0000000, 0D-B4-5F-EC-76-4E-24-DA
iES 6620,300434064056620,2023-06-12 14:26:12, 37.339000, -122.003238, 0.00, 0.0000000, 01-7B-0B-13-CE-45-29-7F-43-12
iES 6620,300434064056620,2023-06-12 13:55:15, 37.338957, -122.003174, 0.00, 0.0000000, 01-7B-2F-36-9C-B2-CC-E2-91-4C
iES 6620,300434064056620,2023-06-12 13:26:06, 37.339000, -122.003195, 0.00, 0.0000000, 01-7B-67-37-1D-A7-84-33-D2-17
iES 6620,300434064056620,2023-06-12 12:57:43, 37.338989, -122.003195, 0.00, 0.0000000, 01-7B-2C-2C-AC-9B-CE-08-FC-88
iES 6620,300434064056620,2023-06-12 12:26:12, 37.338978, -122.003195, 0.00, 0.0000000, 01-7B-0A-49-81-42-C8-FC-96-96
iES 6620,300434064056620,2023-06-12 10:56:46, 37.338989, -122.003195, 0.00, 0.0000000, 14-51-36-0B-5F-EF-C5-D9
iES 6620,300434064056620,2023-06-12 10:26:46, 37.338989, -122.003195, 0.00, 0.0000000, 14-51-36-0B-5F-EF-C5-D9
iES 6620,300434064056620,2023-06-12 09:56:46, 37.338989, -122.003195, 0.00, 0.0000000, 01-7B-2C-2C-AC-9B-CE-08-FC-88
iES 6620,300434064056620,2023-06-12 09:26:14, 37.338978, -122.003195, 0.00, 0.0000000, 01-7B-0A-49-81-42-C8-FC-96-96
iES 6620,300434064056620,2023-06-12 08:56:44, 37.338989, -122.003195, 0.00, 0.0000000, 01-7B-2C-2C-AC-9B-CE-08-FC-88
iES 6620,300434064056620,2023-06-12 08:27:18, 37.339064, -122.003195, 0.00, 0.0000000, 01-7B-38-08-20-FC-9E-58-C7-E8
iES 6620,300434064056620,2023-06-12 07:56:07, 37.339042, -122.003367, 0.00, 0.0000000, 01-7B-8D-3D-BB-CB-70-60-6C-AF
iES 6620,300434064056620,2023-06-12 07:26:12, 37.339000, -122.003238, 0.00, 0.0000000, 01-7B-0B-13-CE-45-29-7F-43-12
iES 6620,300434064056620,2023-06-12 06:56:17, 37.338989, -122.003174, 0.00, 0.0000000, 01-7B-B0-04-9A-78-49-CF-FC-F5
iES 6620,300434064056620,2023-06-12 06:26:08, 37.338989, -122.003174, 0.00, 0.0000000, 01-7B-B0-04-9A-78-49-CF-FC-F5
iES 6620,300434064056620,2023-06-12 05:56:11, 37.339000, -122.003195, 0.00, 0.0000000, 01-7B-67-37-1D-A7-84-33-D2-17
iES 6620,300434064056620,2023-06-12 04:26:07, 37.338989, -122.003195, 0.00, 0.0000000, 14-51-36-0B-5F-EF-C5-D9
iES 6620,300434064056620,2023-06-12 03:56:07, 37.339096, -122.003303, 0.00, 0.0000000, 85-13-45-53-F7-70-92-A0
iES 6620,300434064056620,2023-06-12 03:26:07, 37.339032, -122.003238, 0.00, 0.0000000, 01-7B-BF-1F-F4-2B-76-E4-F4-58
iES 6620,300434064056620,2023-06-12 02:56:13, 37.339010, -122.003260, 0.00, 0.0000000, 01-7B-DA-8E-A4-C0-52-B5-F2-13
iES 6620,300434064056620,2023-06-12 02:26:38, 37.338989, -122.003195, 0.00, 0.0000000, 01-7B-2C-2C-AC-9B-CE-08-FC-88
iES 6620,300434064056620,2023-06-12 01:01:07, 37.338989, -122.003195, 0.00, 0.0000000, 14-51-36-0B-5F-EF-C5-D9
iES 6620,300434064056620,2023-06-12 00:31:07, 37.338978, -122.003195, 0.00, 0.0000000, 64-82-6C-DB-3A-84-06-3D
iES 6620,300434064056620,2023-06-09 00:35:37, 37.338967, -122.003195, 0.00, 0.0000000, 2C-A7-79-21-47-39-AF-9C
iES 6620,300434064056620,2023-06-09 00:31:07, 37.338967, -122.003195, 0.00, 0.0000000, 01-7B-BB-D0-40-A1-7A-5E-ED-3C
iES 6620,300434064056620,2023-06-09 00:00:35, 37.338978, -122.003238, 0.00, 0.0000000, 01-7B-EC-DA-91-64-59-01-F2-CB
iES 6620,300434064056620,2023-06-08 23:31:01, 37.338978, -122.003195, 0.00, 0.0000000, 01-7B-CC-15-F2-6B-8D-03-5D-C2
iES 6620,300434064056620,2023-06-08 22:30:03, 37.339053, -122.003517, 0.00, 0.0000000, 5C-C6-85-44-24-6D-72-76
iES 6620,300434064056620,2023-06-08 22:00:03, 37.338957, -122.003152, 0.00, 0.0000000, 01-7B-D6-05-C8-33-20-9A-3C-D0
iES 6620,300434064056620,2023-06-08 20:30:04, 37.339075, -122.003367, 0.00, 0.0000000, 3F-A8-31-48-07-61-98-BF
iES 6620,300434064056620,2023-06-08 20:30:04, 37.339010, -122.003195, 0.00, 0.0000000, D9-3B-1D-D3-87-A1-F6-41
iES 6620,300434064056620,2023-06-08 20:00:04, 37.339000, -122.003174, 0.00, 0.0000000, 01-7B-54-F4-77-5B-04-9F-01-52
iES 6620,300434064056620,2023-06-08 19:29:50, 37.339000, -122.003195, 0.00, 0.0000000, 01-7B-01-09-19-9E-85-F9-B5-F5
iES 6620,300434064056620,2023-06-08 19:00:53, 37.339010, -122.003174, 0.00, 0.0000000, 01-7B-A1-D5-19-AF-05-85-5D-20
iES 6620,300434064056620,2023-06-08 17:30:13, 37.338946, -122.003260, 0.00, 0.0000000, 62-45-B6-2B-28-5E-30-44
iES 6620,300434064056620,2023-06-08 17:30:13, 37.338967, -122.003217, 0.00, 0.0000000, 07-5F-E9-8C-B8-EA-72-BF
iES 6620,300434064056620,2023-06-08 17:00:13, 37.338967, -122.003195, 0.00, 0.0000000, 01-7B-BB-D0-40-A1-7A-5E-ED-3C
iES 6620,300434064056620,2023-06-08 16:29:56, 37.339000, -122.003195, 0.00, 0.0000000, 01-7B-01-09-19-9E-85-F9-B5-F5
iES 6620,300434064056620,2023-06-08 15:31:22, 37.338978, -122.003217, 0.00, 0.0000000, 10-7C-D5-44-BE-56-4D-21
iES 6620,300434064056620,2023-06-08 15:01:22, 37.338989, -122.003195, 0.00, 0.0000000, 01-7B-4C-2C-3A-21-DE-99-B3-64
iES 6620,300434064056620,2023-06-08 14:31:03, 37.339021, -122.003174, 0.00, 0.0000000, 01-7B-89-19-66-8B-2D-38-2A-75
iES 6620,300434064056620,2023-06-08 14:00:04, 37.339000, -122.003174, 0.00, 0.0000000, 01-7B-54-F4-77-5B-04-9F-01-52
iES 6620,300434064056620,2023-06-08 13:31:23, 37.339021, -122.003174, 0.00, 0.0000000, 01-7B-89-19-66-8B-2D-38-2A-75
iES 6620,300434064056620,2023-06-08 13:00:54, 37.339000, -122.003195, 0.00, 0.0000000, 01-7B-01-09-19-9E-85-F9-B5-F5
iES 6620,300434064056620,2023-06-08 12:31:19, 37.338989, -122.003195, 0.00, 0.0000000, 01-7B-4C-2C-3A-21-DE-99-B3-64
iES 6620,300434064056620,2023-06-08 12:01:46, 37.338946, -122.003238, 0.00, 0.0000000, 01-7B-7B-35-69-4B-9B-2F-97-8D
iES 6620,300434064056620,2023-06-08 11:30:01, 37.338978, -122.003195, 0.00, 0.0000000, 01-7B-CC-15-F2-6B-8D-03-5D-C2
iES 6620,300434064056620,2023-06-08 11:00:56, 37.339000, -122.003195, 0.00, 0.0000000, 01-7B-01-09-19-9E-85-F9-B5-F5
iES 6620,300434064056620,2023-06-08 08:30:50, 37.338978, -122.003195, 0.00, 0.0000000, 35-29-FD-77-0D-1E-CD-C2
iES 6620,300434064056620,2023-06-08 08:00:50, 37.338946, -122.003238, 0.00, 0.0000000, B9-6F-71-D1-DE-1B-91-8A
iES 6620,300434064056620,2023-06-08 08:00:50, 37.338978, -122.003195, 0.00, 0.0000000, 35-29-FD-77-0D-1E-CD-C2
iES 6620,300434064056620,2023-06-08 08:00:50, 37.339000, -122.003195, 0.00, 0.0000000, 31-B5-E9-CC-BB-7D-C6-4E
iES 6620,300434064056620,2023-06-08 07:30:50, 37.339000, -122.003217, 0.00, 0.0000000, 01-7B-DC-13-62-D1-AD-2A-BF-A7
iES 6620,300434064056620,2023-06-08 07:01:10, 37.338989, -122.003195, 0.00, 0.0000000, 01-7B-4C-2C-3A-21-DE-99-B3-64
iES 6620,300434064056620,2023-06-08 06:31:10, 37.338882, -122.003174, 0.00, 0.0000000, 01-7B-15-54-83-C3-CE-EE-82-C3
iES 6620,300434064056620,2023-06-08 05:01:19, 37.339032, -122.003195, 0.00, 0.0000000, D5-89-E3-17-20-41-35-6A
iES 6620,300434064056620,2023-06-08 04:31:19, 37.338978, -122.003174, 0.00, 0.0000000, D4-22-1C-F0-CC-CA-E5-6A
iES 6620,300434064056620,2023-06-08 04:01:19, 37.338989, -122.003195, 0.00, 0.0000000, 01-7B-4C-2C-3A-21-DE-99-B3-64
iES 6620,300434064056620,2023-06-08 03:01:19, 37.339193, -122.003238, 0.00, 0.0000000, 2B-31-AA-82-60-2D-26-69
iES 6620,300434064056620,2023-06-08 02:31:19, 37.339075, -122.003195, 0.00, 0.0000000, 01-7B-57-18-CD-49-29-4D-FB-C1
iES 6620,300434064056620,2023-06-08 02:01:03, 37.339000, -122.003238, 0.00, 0.0000000, 01-7B-C2-6A-2C-FE-1F-3C-2E-30
iES 6620,300434064056620,2023-06-08 01:31:44, 37.338978, -122.003238, 0.00, 0.0000000, 01-7B-EC-DA-91-64-59-01-F2-CB
iES 6620,300434064056620,2023-06-07 22:30:21, 37.339000, -122.003195, 0.00, 0.0000000, 31-B5-E9-CC-BB-7D-C6-4E
iES 6620,300434064056620,2023-06-07 22:30:21, 37.339010, -122.003195, 0.00, 0.0000000, D9-3B-1D-D3-87-A1-F6-41
iES 6620,300434064056620,2023-06-07 22:00:21, 37.339010, -122.003174, 0.00, 0.0000000, 4F-95-2D-64-DA-A8-92-3D
iES 6620,300434064056620,2023-06-07 22:00:21, 37.339000, -122.002873, 0.00, 0.0000000, 59-DF-63-EE-CE-70-A5-49
iES 6620,300434064056620,2023-06-07 22:00:21, 37.339053, -122.003238, 0.00, 0.0000000, B9-A7-34-E7-23-20-35-54
iES 6620,300434064056620,2023-06-07 21:30:21, 37.339064, -122.003260, 0.00, 0.0000000, 01-7B-93-95-5C-A8-FE-93-08-BA
iES 6620,300434064056620,2023-06-07 21:01:07, 37.339021, -122.003195, 0.00, 0.0000000, 01-7B-D2-7F-AF-F8-D5-30-B5-71
iES 6620,300434064056620,2023-06-07 20:31:02, 37.339010, -122.003195, 0.00, 0.0000000, 01-7B-E7-D1-0B-85-EC-31-70-24
iES 6620,300434064056620,2023-06-07 19:00:58, 37.339000, -122.003238, 0.00, 0.0000000, CB-22-1B-5D-62-0C-C6-88
iES 6620,300434064056620,2023-06-07 18:30:58, 37.339000, -122.003195, 0.00, 0.0000000, 31-B5-E9-CC-BB-7D-C6-4E
iES 6620,300434064056620,2023-06-07 18:00:58, 37.339032, -122.003195, 0.00, 0.0000000, 01-7B-6F-2B-D5-DF-93-A2-05-68


Asset Name,Asset Id,Data Date (UTC), Latitude, Longitude, Speed, Heading, Report Body
iES 7360,300434064057360,2023-06-22 11:07:32, 71.132301, -165.168929, 0.00, 0.0000000, 01-7B-B6-37-50-84-5C-4B-46-2D
iES 7360,300434064057360,2023-06-22 10:37:20, 71.086199, -165.115778, 8.00, 315.0000000, 01-7B-7D-4B-A2-C9-AF-47-D4-BB
iES 7360,300434064057360,2023-06-22 08:39:55, 71.059345, -165.008941, 0.00, 0.0000000, 8F-C4-0C-8F-54-28-DE-93
iES 7360,300434064057360,2023-06-22 08:37:55, 71.063304, -165.013361, 0.00, 0.0000000, CA-5C-43-58-88-E5-EB-D7
iES 7360,300434064057360,2023-06-22 08:07:55, 71.009778, -165.164659, 0.00, 0.0000000, E8-C2-C4-62-A2-4B-57-5B
iES 7360,300434064057360,2023-06-22 07:37:55, 70.971444, -165.175452, 4.00, 45.0000000, 01-7B-0F-D8-9D-69-56-E4-B1-87
iES 7360,300434064057360,2023-06-22 06:37:59, 70.933925, -165.166869, 0.00, 0.0000000, 94-7C-41-8F-44-4F-7A-D0
iES 7360,300434064057360,2023-06-22 06:07:59, 70.923411, -165.146720, 4.00, 270.0000000, 01-7B-D0-4A-32-08-2B-67-AD-39
iES 7360,300434064057360,2023-06-22 05:37:28, 70.894486, -165.180624, 4.00, 0.0000000, 01-7B-10-E6-DE-F0-2A-F1-B3-8A
iES 7360,300434064057360,2023-06-22 05:07:16, 70.860894, -165.267098, 4.00, 45.0000000, 01-7B-87-9D-7C-BC-A4-2F-89-79
iES 7360,300434064057360,2023-06-22 04:37:50, 70.828203, -165.398097, 4.00, 0.0000000, 01-7B-7E-FA-2E-6A-E1-D5-DD-05
iES 7360,300434064057360,2023-06-22 04:07:50, 70.822130, -165.415285, 0.00, 0.0000000, 01-7B-9E-C7-09-80-F2-C3-F7-CA
iES 7360,300434064057360,2023-06-09 01:43:56, 70.744625, -165.566583, 0.00, 0.0000000, 01-2C-5C-EA-18-1F-4C-77
iES 7360,300434064057360,2023-06-09 01:43:56, 70.722374, -165.517144, 0.00, 0.0000000, D6-D2-D8-87-09-73-A5-DA
iES 7360,300434064057360,2023-06-09 01:13:56, 70.597651, -165.265660, 4.00, 0.0000000, D9-EF-3A-41-F6-B9-49-73
iES 7360,300434064057360,2023-06-09 01:11:56, 70.702107, -165.534954, 0.00, 0.0000000, CF-B1-7C-C2-AF-02-94-6F
iES 7360,300434064057360,2023-06-09 01:11:56, 70.705025, -165.539932, 0.00, 0.0000000, C2-F0-04-E8-F6-59-4F-15
iES 7360,300434064057360,2023-06-09 01:11:56, 70.706924, -165.543387, 0.00, 0.0000000, 83-EF-C2-E8-FB-2A-8B-E4
iES 7360,300434064057360,2023-06-09 01:11:56, 70.700305, -165.527380, 0.00, 0.0000000, F7-FD-E7-1F-18-9C-B3-80
iES 7360,300434064057360,2023-06-09 01:11:56, 70.671219, -165.472577, 0.00, 0.0000000, A9-DE-EC-5C-A4-8E-06-F4
iES 7360,300434064057360,2023-06-09 01:11:56, 70.633314, -165.350761, 0.00, 0.0000000, C9-A1-99-F6-CA-81-2A-B7
iES 7360,300434064057360,2023-06-09 00:43:56, 70.595301, -165.257893, 0.00, 0.0000000, 58-52-A9-B0-1F-55-93-96
iES 7360,300434064057360,2023-06-09 00:41:56, 37.338517, -122.003195, 0.00, 0.0000000, 7F-69-2A-81-EC-E1-E7-EB
iES 7360,300434064057360,2023-06-09 00:11:56, 37.338173, -122.004354, 0.00, 0.0000000, 01-7B-95-31-73-62-F1-96-5A-9C
iES 7360,300434064057360,2023-06-08 23:42:51, 37.338238, -122.004461, 0.00, 0.0000000, 01-7B-27-3A-9B-C2-87-A2-43-4A
iES 7360,300434064057360,2023-06-08 23:13:21, 37.339150, -122.003753, 0.00, 0.0000000, 01-7B-10-10-2C-E7-1F-47-4B-03
iES 7360,300434064057360,2023-06-08 22:11:59, 37.338989, -122.003088, 0.00, 0.0000000, AA-B3-9B-2C-7F-70-D8-E7
iES 7360,300434064057360,2023-06-08 21:41:59, 37.338806, -122.003367, 0.00, 0.0000000, 01-7B-9D-3E-DE-1B-31-5E-65-A9
iES 7360,300434064057360,2023-06-08 19:42:59, 37.339922, -122.005255, 0.00, 0.0000000, 4C-D7-13-1F-C6-A9-06-7B
iES 7360,300434064057360,2023-06-08 19:42:59, 37.339708, -122.003775, 0.00, 0.0000000, 2D-07-6C-70-61-B0-EC-ED
iES 7360,300434064057360,2023-06-08 19:42:59, 37.339375, -122.003195, 0.00, 0.0000000, EB-CF-FB-5C-8C-4B-37-1E
iES 7360,300434064057360,2023-06-08 19:12:59, 37.339171, -122.003195, 0.00, 0.0000000, 01-7B-CD-3D-EC-C4-D1-24-1C-A5
iES 7360,300434064057360,2023-06-08 18:43:01, 37.338989, -122.003238, 0.00, 0.0000000, 01-7B-BA-33-D9-C8-4F-C0-16-C8
iES 7360,300434064057360,2023-06-08 18:12:02, 37.338581, -122.003624, 0.00, 0.0000000, 01-7B-43-F1-24-82-0E-B6-AE-56
iES 7360,300434064057360,2023-06-08 17:42:14, 37.339042, -122.003474, 0.00, 0.0000000, 01-7B-E5-3B-B9-25-06-21-02-95
iES 7360,300434064057360,2023-06-08 17:12:59, 37.339493, -122.004204, 0.00, 0.0000000, 01-7B-C5-C6-C5-78-54-E3-63-3D
iES 7360,300434064057360,2023-06-08 16:13:12, 37.338764, -122.003453, 0.00, 0.0000000, 1F-93-B8-B7-15-10-73-1A
iES 7360,300434064057360,2023-06-08 15:43:12, 37.338978, -122.003195, 0.00, 0.0000000, 01-7B-0C-DF-48-0F-07-4D-AD-52
iES 7360,300434064057360,2023-06-08 14:43:12, 37.339053, -122.003195, 0.00, 0.0000000, C3-73-31-30-5D-03-ED-4D
iES 7360,300434064057360,2023-06-08 14:13:12, 37.337734, -122.002380, 0.00, 0.0000000, 01-7B-58-5A-B4-DE-C0-5B-80-A9
iES 7360,300434064057360,2023-06-08 13:43:02, 37.338624, -122.003152, 0.00, 0.0000000, 01-7B-39-DD-C5-05-0E-44-80-CA
iES 7360,300434064057360,2023-06-08 13:12:56, 37.338302, -122.003453, 0.00, 0.0000000, 01-7B-C8-08-02-75-19-33-AC-A8
iES 7360,300434064057360,2023-06-08 12:43:00, 37.338474, -122.003689, 0.00, 0.0000000, 01-7B-92-B8-7D-34-77-97-EB-2D
iES 7360,300434064057360,2023-06-08 12:13:20, 37.338989, -122.003195, 0.00, 0.0000000, 01-7B-28-A2-86-AA-5A-D6-62-C3
iES 7360,300434064057360,2023-06-08 11:43:04, 37.339332, -122.003346, 0.00, 0.0000000, 01-7B-F7-BA-BE-A6-FC-1F-C9-DC
iES 7360,300434064057360,2023-06-08 10:13:01, 37.338989, -122.003238, 0.00, 0.0000000, AF-66-00-2E-A7-9B-48-C1
iES 7360,300434064057360,2023-06-08 10:13:01, 37.339332, -122.003453, 0.00, 0.0000000, 77-F5-F0-22-04-CF-93-8B
iES 7360,300434064057360,2023-06-08 09:43:01, 37.339279, -122.003195, 0.00, 0.0000000, 01-7B-AF-10-11-9D-0F-82-7A-B3
iES 7360,300434064057360,2023-06-08 09:13:12, 37.338817, -122.003367, 0.00, 0.0000000, 01-7B-14-24-D1-DC-E8-42-E3-65
iES 7360,300434064057360,2023-06-08 07:42:50, 37.339386, -122.003946, 0.00, 0.0000000, 39-5F-C6-82-6E-5E-71-89
iES 7360,300434064057360,2023-06-08 07:42:50, 37.339354, -122.003667, 0.00, 0.0000000, 21-B1-B9-ED-4A-4B-0A-A4
iES 7360,300434064057360,2023-06-08 07:12:50, 37.339118, -122.003260, 0.00, 0.0000000, 01-7B-1D-E7-FD-2A-05-62-4D-2D
iES 7360,300434064057360,2023-06-08 04:12:31, 37.338978, -122.003195, 0.00, 0.0000000, 7B-F5-4D-C6-C7-12-FE-F6
iES 7360,300434064057360,2023-06-08 03:42:31, 37.339439, -122.003818, 0.00, 0.0000000, DC-10-7F-75-DC-C8-A0-7C
iES 7360,300434064057360,2023-06-08 03:42:31, 37.338989, -122.003195, 0.00, 0.0000000, 83-16-05-37-0C-F9-5F-DD
iES 7360,300434064057360,2023-06-08 03:42:31, 37.339858, -122.003689, 0.00, 0.0000000, BB-3E-EC-E6-94-0B-F8-43
iES 7360,300434064057360,2023-06-08 03:12:31, 37.338517, -122.003732, 0.00, 0.0000000, FB-B9-44-A3-EF-53-9C-DD
iES 7360,300434064057360,2023-06-08 02:42:31, 37.338978, -122.003238, 0.00, 0.0000000, 01-7B-A0-99-39-B7-42-9F-FF-2F
iES 7360,300434064057360,2023-06-08 02:12:53, 37.338946, -122.003174, 0.00, 0.0000000, 01-7B-46-84-1D-3F-0B-58-B4-25
iES 7360,300434064057360,2023-06-08 00:42:20, 37.338978, -122.003217, 0.00, 0.0000000, 70-89-93-76-2B-C1-AB-7D
iES 7360,300434064057360,2023-06-08 00:42:20, 37.339439, -122.002165, 0.00, 0.0000000, 70-E2-63-EA-56-CB-DE-33
iES 7360,300434064057360,2023-06-08 00:12:20, 37.339000, -122.003195, 0.00, 0.0000000, 01-7B-44-70-A5-76-DC-73-A7-4F
iES 7360,300434064057360,2023-06-07 23:42:51, 37.338914, -122.002852, 0.00, 0.0000000, 01-7B-5E-4B-C7-19-C7-AC-AC-E2
iES 7360,300434064057360,2023-06-07 22:43:06, 37.338978, -122.003152, 0.00, 0.0000000, BB-44-CD-52-B0-F3-D8-1B
iES 7360,300434064057360,2023-06-07 22:13:06, 37.339354, -122.003324, 0.00, 0.0000000, 01-7B-BE-3F-E7-90-7F-56-61-19
iES 7360,300434064057360,2023-06-07 21:42:02, 37.338249, -122.003474, 0.00, 0.0000000, 01-7B-6E-04-1B-3D-D9-5F-BB-2C
iES 7360,300434064057360,2023-06-07 20:42:00, 37.339021, -122.003195, 0.00, 0.0000000, 62-DE-0E-92-91-60-52-0D
iES 7360,300434064057360,2023-06-07 20:12:00, 37.339439, -122.003474, 0.00, 0.0000000, 01-7B-9F-AD-64-17-97-24-E9-6C


Asset Name,Asset Id,Data Date (UTC), Latitude, Longitude, Speed, Heading, Report Body
iES 9430,300434064949430,2023-06-21 18:39:52, 70.585420, -163.836751, 8.00, 225.0000000, 01-7B-99-59-AA-98-4D-11-44-42
iES 9430,300434064949430,2023-06-21 18:10:01, 70.595044, -163.607175, 8.00, 225.0000000, 01-7B-0D-F9-86-91-46-07-4B-AE
iES 9430,300434064949430,2023-06-21 17:39:59, 70.595344, -163.376269, 8.00, 225.0000000, 01-7B-F7-46-4B-9C-E8-DC-92-4C
iES 9430,300434064949430,2023-06-21 17:10:00, 70.601835, -163.148089, 8.00, 270.0000000, 01-7B-1E-FC-42-E7-11-1F-E0-86
iES 9430,300434064949430,2023-06-21 16:40:19, 70.601106, -162.940164, 8.00, 270.0000000, 01-7B-8F-C1-B6-4C-6F-DA-E1-4B
iES 9430,300434064949430,2023-06-21 15:38:36, 70.590463, -162.495260, 4.00, 0.0000000, 7C-4A-32-2B-F9-82-21-BA
iES 9430,300434064949430,2023-06-21 15:08:36, 70.584090, -162.266929, 8.00, 270.0000000, 01-7B-10-0B-E5-F6-AB-40-5A-67
iES 9430,300434064949430,2023-06-21 13:21:44, 70.572878, -161.532583, 8.00, 270.0000000, 01-7B-30-2C-B3-D7-66-22-18-AA
iES 9430,300434064949430,2023-06-21 12:51:45, 70.569091, -161.332276, 8.00, 270.0000000, 01-7B-73-40-0B-6F-DC-17-96-64
iES 9430,300434064949430,2023-06-21 09:51:51, 70.578768, -161.082530, 0.00, 0.0000000, 7B-B1-84-77-97-45-BA-1E
iES 9430,300434064949430,2023-06-21 09:21:51, 70.690509, -160.835767, 4.00, 0.0000000, D4-DC-C6-4A-DB-62-BE-CA
iES 9430,300434064949430,2023-06-21 08:51:51, 70.766952, -160.862739, 0.00, 0.0000000, EB-84-16-0A-56-97-51-02
iES 9430,300434064949430,2023-06-21 08:51:51, 70.777702, -161.005797, 0.00, 0.0000000, 04-12-57-83-BE-96-F9-C0
iES 9430,300434064949430,2023-06-21 08:21:51, 70.808837, -161.071222, 0.00, 0.0000000, 2A-60-0E-E8-8C-18-76-0F
iES 9430,300434064949430,2023-06-21 07:51:51, 70.814341, -161.106970, 0.00, 0.0000000, 01-7B-71-53-E3-FC-61-8F-F5-A1
iES 9430,300434064949430,2023-06-21 07:22:21, 70.821691, -161.134608, 4.00, 180.0000000, 01-7B-EC-6D-A8-32-51-A6-A5-21
iES 9430,300434064949430,2023-06-21 06:51:50, 70.842719, -161.114459, 4.00, 180.0000000, 01-7B-2E-04-06-0E-98-B1-14-2D
iES 9430,300434064949430,2023-06-21 06:21:50, 70.846324, -161.117163, 0.00, 0.0000000, 01-7B-85-7D-B3-33-99-24-CA-55
iES 9430,300434064949430,2023-06-21 05:52:12, 70.846968, -161.139307, 0.00, 0.0000000, 01-7B-CC-E6-E7-92-2C-4C-B5-68
iES 9430,300434064949430,2023-06-21 05:20:53, 70.847665, -161.161988, 0.00, 0.0000000, 01-7B-0B-5D-7F-EB-DB-36-DD-0D
iES 9430,300434064949430,2023-06-21 04:51:43, 70.850068, -161.180270, 0.00, 0.0000000, 01-7B-DD-11-4D-B3-82-26-88-9F
iES 9430,300434064949430,2023-06-21 04:21:50, 70.850669, -161.201384, 0.00, 0.0000000, 01-7B-DC-E2-76-76-66-6F-5C-0C
iES 9430,300434064949430,2023-06-21 03:51:45, 70.854220, -161.225524, 0.00, 0.0000000, 01-7B-34-67-80-98-DC-A2-9D-E1
iES 9430,300434064949430,2023-06-21 02:41:40, 70.855272, -161.265178, 0.00, 0.0000000, 68-20-F0-A4-66-02-69-A7
iES 9430,300434064949430,2023-06-21 02:32:40, 70.855122, -161.253419, 0.00, 0.0000000, 50-37-B8-84-8F-6D-C0-B4
iES 9430,300434064949430,2023-06-21 02:21:40, 70.858254, -161.292644, 0.00, 0.0000000, 01-7B-21-07-95-D8-55-DD-FF-AE
iES 9430,300434064949430,2023-06-21 01:51:50, 70.873103, -161.288717, 4.00, 180.0000000, 01-7B-74-85-B9-50-20-0C-54-28
iES 9430,300434064949430,2023-06-21 00:21:15, 70.884883, -161.315131, 0.00, 0.0000000, 54-16-75-DC-19-61-E9-0D
iES 9430,300434064949430,2023-06-21 00:21:15, 70.881289, -161.323736, 0.00, 0.0000000, B8-36-79-20-30-B8-40-A2
iES 9430,300434064949430,2023-06-20 23:51:15, 70.881783, -161.335559, 0.00, 0.0000000, 01-7B-5D-77-4B-AB-4E-31-66-10
iES 9430,300434064949430,2023-06-20 23:21:43, 70.882866, -161.350429, 0.00, 0.0000000, 01-7B-5E-EC-44-74-33-CA-02-BE
iES 9430,300434064949430,2023-06-20 22:51:00, 70.883757, -161.365042, 0.00, 0.0000000, 01-7B-00-F1-2C-CA-ED-5C-CA-CC
iES 9430,300434064949430,2023-06-20 22:21:38, 70.884658, -161.380105, 0.00, 0.0000000, 01-7B-93-17-61-6C-5A-B6-12-E2
iES 9430,300434064949430,2023-06-20 21:50:57, 70.885559, -161.395361, 0.00, 0.0000000, 01-7B-0F-CE-C4-19-14-FC-D6-DA
iES 9430,300434064949430,2023-06-20 21:22:17, 70.886267, -161.410146, 0.00, 0.0000000, 01-7B-01-84-33-6C-91-29-DD-C7
iES 9430,300434064949430,2023-06-20 20:51:45, 70.887072, -161.424651, 0.00, 0.0000000, 01-7B-46-BC-99-64-55-29-02-5E
iES 9430,300434064949430,2023-06-20 20:22:22, 70.887609, -161.438084, 0.00, 0.0000000, 01-7B-67-E6-3D-EE-65-5E-25-3E
iES 9430,300434064949430,2023-06-20 19:51:58, 70.888274, -161.452503, 0.00, 0.0000000, 01-7B-0A-33-D6-8E-C2-E4-9C-00
iES 9430,300434064949430,2023-06-20 19:21:47, 70.888778, -161.465292, 0.00, 0.0000000, 01-7B-AB-37-32-F6-B6-FB-DA-15
iES 9430,300434064949430,2023-06-20 18:21:46, 70.889465, -161.491985, 0.00, 0.0000000, 80-BF-48-74-A7-6B-8F-6F
iES 9430,300434064949430,2023-06-20 17:51:46, 70.889626, -161.504560, 0.00, 0.0000000, 01-7B-70-36-0C-90-86-6C-97-2B
iES 9430,300434064949430,2023-06-20 17:22:21, 70.889754, -161.516297, 0.00, 0.0000000, 01-7B-63-15-2E-EC-BE-2D-AB-0C
iES 9430,300434064949430,2023-06-20 16:52:00, 70.888338, -161.526125, 0.00, 0.0000000, 01-7B-9E-0E-BC-53-1E-10-13-CB
iES 9430,300434064949430,2023-06-20 16:21:43, 70.888542, -161.538420, 0.00, 0.0000000, 01-7B-7B-1A-92-6F-39-34-21-58
iES 9430,300434064949430,2023-06-20 15:21:48, 70.889057, -161.562452, 0.00, 0.0000000, 33-51-17-2B-C7-F8-6F-6A
iES 9430,300434064949430,2023-06-20 14:51:48, 70.889540, -161.575091, 0.00, 0.0000000, 01-7B-28-A4-6F-9E-C7-03-F2-0C
iES 9430,300434064949430,2023-06-20 14:28:42, 64.496301, -165.437086, 0.00, 0.0000000, C0-11-AB-44-38-5A-73-D7
iES 9430,300434064949430,2023-06-20 14:22:01, 70.889604, -161.587043, 0.00, 0.0000000, 01-7B-9F-CB-36-6D-76-FB-09-25
iES 9430,300434064949430,2023-06-16 02:44:42, 70.889325, -161.603243, 0.00, 0.0000000, CD-F8-97-01-A0-26-DE-51
iES 9430,300434064949430,2023-06-16 02:28:42, 64.496269, -165.437172, 0.00, 0.0000000, 01-7B-FD-BD-98-76-E3-B9-4D-D0
iES 9430,300434064949430,2023-06-09 00:52:07, 37.339000, -122.003174, 0.00, 0.0000000, C9-CC-03-9A-AE-4E-CA-D6
iES 9430,300434064949430,2023-06-09 00:22:07, 37.339000, -122.003174, 0.00, 0.0000000, 01-7B-C0-63-F7-29-80-20-A1-FC
iES 9430,300434064949430,2023-06-08 23:52:10, 37.338967, -122.003238, 0.00, 0.0000000, 01-7B-80-09-27-5F-19-6F-2C-5A
iES 9430,300434064949430,2023-06-08 22:21:16, 37.338978, -122.003195, 0.00, 0.0000000, 6A-11-F5-DB-86-31-50-79
iES 9430,300434064949430,2023-06-08 22:21:16, 37.339000, -122.003195, 0.00, 0.0000000, 18-5C-7E-7F-40-F0-E9-67
iES 9430,300434064949430,2023-06-08 21:51:16, 37.338978, -122.003110, 0.00, 0.0000000, 01-7B-D9-8B-12-72-93-66-07-02
iES 9430,300434064949430,2023-06-08 19:51:02, 37.338978, -122.003152, 0.00, 0.0000000, 37-92-09-20-69-09-E2-75
iES 9430,300434064949430,2023-06-08 19:51:02, 37.338967, -122.003152, 0.00, 0.0000000, 42-3E-FC-47-DB-8D-33-67
iES 9430,300434064949430,2023-06-08 19:51:02, 37.338989, -122.003174, 0.00, 0.0000000, AA-E2-47-92-8E-05-CD-71
iES 9430,300434064949430,2023-06-08 19:21:02, 37.338989, -122.003195, 0.00, 0.0000000, 01-7B-32-FB-8C-F9-22-C3-40-9E
iES 9430,300434064949430,2023-06-08 18:52:01, 37.338989, -122.003195, 0.00, 0.0000000, 01-7B-32-FB-8C-F9-22-C3-40-9E
iES 9430,300434064949430,2023-06-08 18:21:43, 37.338978, -122.003195, 0.00, 0.0000000, 01-7B-EF-63-70-74-C3-78-2B-C3
iES 9430,300434064949430,2023-06-08 17:51:08, 37.339010, -122.003174, 0.00, 0.0000000, 01-7B-BF-E3-16-A4-D1-A7-E6-BC
iES 9430,300434064949430,2023-06-08 17:22:14, 37.339000, -122.003195, 0.00, 0.0000000, 01-7B-28-F7-B2-49-12-DC-46-CB
iES 9430,300434064949430,2023-06-08 16:51:34, 37.338967, -122.003174, 0.00, 0.0000000, 01-7B-FF-73-BC-63-14-B2-CB-CD
iES 9430,300434064949430,2023-06-08 16:21:18, 37.338871, -122.003195, 0.00, 0.0000000, 01-7B-A7-47-9B-B9-CF-AB-A2-51
iES 9430,300434064949430,2023-06-08 15:52:03, 37.338989, -122.003131, 0.00, 0.0000000, 01-7B-7A-BC-46-86-B3-09-0D-99
iES 9430,300434064949430,2023-06-08 15:22:26, 37.339010, -122.003152, 0.00, 0.0000000, 01-7B-6C-23-1F-82-CB-E6-2E-BE
iES 9430,300434064949430,2023-06-08 14:52:32, 37.339010, -122.003131, 0.00, 0.0000000, 01-7B-D2-5B-9E-02-60-B5-FA-D2
iES 9430,300434064949430,2023-06-08 14:22:40, 37.339000, -122.003152, 0.00, 0.0000000, 01-7B-21-FC-ED-EF-A6-A7-99-D7
iES 9430,300434064949430,2023-06-08 13:51:00, 37.338978, -122.003238, 0.00, 0.0000000, 01-7B-BF-A6-45-23-8B-4F-B8-A5
iES 9430,300434064949430,2023-06-08 13:22:21, 37.338957, -122.003217, 0.00, 0.0000000, 01-7B-86-53-55-37-3E-8A-58-C5
iES 9430,300434064949430,2023-06-08 12:51:58, 37.339085, -122.003024, 0.00, 0.0000000, 01-7B-55-8E-7F-81-F2-5C-EA-C5
iES 9430,300434064949430,2023-06-08 12:22:08, 37.339000, -122.003152, 0.00, 0.0000000, 01-7B-21-FC-ED-EF-A6-A7-99-D7
iES 9430,300434064949430,2023-06-08 11:22:03, 37.339032, -122.003195, 0.00, 0.0000000, E5-7C-15-97-49-B6-D2-92
iES 9430,300434064949430,2023-06-08 10:52:03, 37.338989, -122.003195, 0.00, 0.0000000, 01-7B-32-FB-8C-F9-22-C3-40-9E
iES 9430,300434064949430,2023-06-08 10:22:55, 37.338978, -122.003195, 0.00, 0.0000000, 01-7B-EF-63-70-74-C3-78-2B-C3
iES 9430,300434064949430,2023-06-08 09:52:02, 37.339053, -122.003324, 0.00, 0.0000000, 01-7B-49-D4-7C-0A-2F-96-43-A4
iES 9430,300434064949430,2023-06-08 09:22:07, 37.339021, -122.003238, 0.00, 0.0000000, 01-7B-D7-C3-33-A9-E9-47-46-42
iES 9430,300434064949430,2023-06-08 08:52:28, 37.339075, -122.003174, 0.00, 0.0000000, 01-7B-C9-66-16-96-43-C8-40-38
iES 9430,300434064949430,2023-06-08 07:52:02, 37.338989, -122.003195, 0.00, 0.0000000, D3-38-B8-39-FF-C3-E7-45
iES 9430,300434064949430,2023-06-08 07:22:02, 37.339000, -122.003195, 0.00, 0.0000000, 01-7B-28-F7-B2-49-12-DC-46-CB
iES 9430,300434064949430,2023-06-08 06:52:05, 37.338989, -122.003174, 0.00, 0.0000000, 01-7B-6B-36-D0-E5-88-A7-26-8F
iES 9430,300434064949430,2023-06-08 06:22:41, 37.338957, -122.003174, 0.00, 0.0000000, 01-7B-2A-90-0A-E2-2E-BE-AE-46
iES 9430,300434064949430,2023-06-08 04:21:58, 37.338989, -122.003174, 0.00, 0.0000000, AA-E2-47-92-8E-05-CD-71
iES 9430,300434064949430,2023-06-08 04:21:58, 37.338989, -122.003195, 0.00, 0.0000000, D3-38-B8-39-FF-C3-E7-45
iES 9430,300434064949430,2023-06-08 04:21:58, 37.339042, -122.003260, 0.00, 0.0000000, 1F-C1-05-43-68-80-19-E5
iES 9430,300434064949430,2023-06-08 03:51:58, 37.338989, -122.003174, 0.00, 0.0000000, 01-7B-6B-36-D0-E5-88-A7-26-8F
iES 9430,300434064949430,2023-06-08 03:22:00, 37.339032, -122.003174, 0.00, 0.0000000, 01-7B-AA-38-3A-85-9B-CA-94-C4
iES 9430,300434064949430,2023-06-08 02:52:09, 37.338989, -122.003195, 0.00, 0.0000000, 01-7B-32-FB-8C-F9-22-C3-40-9E
iES 9430,300434064949430,2023-06-08 02:22:46, 37.338989, -122.003195, 0.00, 0.0000000, 01-7B-32-FB-8C-F9-22-C3-40-9E
iES 9430,300434064949430,2023-06-08 01:52:07, 37.339032, -122.003260, 0.00, 0.0000000, 01-7B-85-EC-FA-52-6B-72-5B-15
iES 9430,300434064949430,2023-06-08 00:51:07, 37.338946, -122.003024, 0.00, 0.0000000, 54-8A-5B-77-5F-B1-20-D4
iES 9430,300434064949430,2023-06-08 00:21:07, 37.339000, -122.003152, 0.00, 0.0000000, 01-7B-21-FC-ED-EF-A6-A7-99-D7
iES 9430,300434064949430,2023-06-07 23:52:11, 37.339000, -122.003174, 0.00, 0.0000000, 01-7B-C0-63-F7-29-80-20-A1-FC
iES 9430,300434064949430,2023-06-07 23:22:11, 37.338978, -122.003174, 0.00, 0.0000000, 01-7B-DC-A6-22-C6-DE-B7-7F-0A
iES 9430,300434064949430,2023-06-07 22:52:08, 37.339010, -122.003174, 0.00, 0.0000000, 01-7B-BF-E3-16-A4-D1-A7-E6-BC
iES 9430,300434064949430,2023-06-07 22:22:44, 37.339000, -122.003195, 0.00, 0.0000000, 01-7B-28-F7-B2-49-12-DC-46-CB
iES 9430,300434064949430,2023-06-07 21:50:58, 37.339064, -122.003152, 0.00, 0.0000000, 01-7B-DE-6D-30-84-E4-B1-62-4D
iES 9430,300434064949430,2023-06-07 20:52:03, 37.339032, -122.003260, 0.00, 0.0000000, 25-0C-FD-CB-EC-AC-FD-7A
iES 9430,300434064949430,2023-06-07 20:22:03, 37.339010, -122.003195, 0.00, 0.0000000, 01-7B-7F-3C-3C-EC-3E-BC-2E-04


